-- MySQL dump 10.13  Distrib 5.5.32, for debian-linux-gnu (x86_64)
--
-- Host: localhost    Database: mysql_e2p1
-- ------------------------------------------------------
-- Server version	5.5.32-0ubuntu0.12.04.1

/*!40101 SET @OLD_CHARACTER_SET_CLIENT=@@CHARACTER_SET_CLIENT */;
/*!40101 SET @OLD_CHARACTER_SET_RESULTS=@@CHARACTER_SET_RESULTS */;
/*!40101 SET @OLD_COLLATION_CONNECTION=@@COLLATION_CONNECTION */;
/*!40101 SET NAMES utf8 */;
/*!40103 SET @OLD_TIME_ZONE=@@TIME_ZONE */;
/*!40103 SET TIME_ZONE='+00:00' */;
/*!40014 SET @OLD_UNIQUE_CHECKS=@@UNIQUE_CHECKS, UNIQUE_CHECKS=0 */;
/*!40014 SET @OLD_FOREIGN_KEY_CHECKS=@@FOREIGN_KEY_CHECKS, FOREIGN_KEY_CHECKS=0 */;
/*!40101 SET @OLD_SQL_MODE=@@SQL_MODE, SQL_MODE='NO_AUTO_VALUE_ON_ZERO' */;
/*!40111 SET @OLD_SQL_NOTES=@@SQL_NOTES, SQL_NOTES=0 */;

--
-- Table structure for table `Locations`
--

DROP TABLE IF EXISTS `Locations`;
/*!40101 SET @saved_cs_client     = @@character_set_client */;
/*!40101 SET character_set_client = utf8 */;
CREATE TABLE `Locations` (
  `LName` varchar(30) NOT NULL DEFAULT '',
  `Phone` varchar(8) DEFAULT NULL,
  `Address` varchar(100) DEFAULT NULL,
  PRIMARY KEY (`LName`)
) ENGINE=InnoDB DEFAULT CHARSET=latin1;
/*!40101 SET character_set_client = @saved_cs_client */;

--
-- Dumping data for table `Locations`
--

LOCK TABLES `Locations` WRITE;
/*!40000 ALTER TABLE `Locations` DISABLE KEYS */;
INSERT INTO `Locations` VALUES ('Buttery','7023421','College St'),('Lincoln','6834523','Lincoln Place'),('O\'Neill\'s','6742134','Pearse St'),('Old Nag','7678132','Dame St');
/*!40000 ALTER TABLE `Locations` ENABLE KEYS */;
UNLOCK TABLES;

--
-- Table structure for table `Sandwiches`
--

DROP TABLE IF EXISTS `Sandwiches`;
/*!40101 SET @saved_cs_client     = @@character_set_client */;
/*!40101 SET character_set_client = utf8 */;
CREATE TABLE `Sandwiches` (
  `Location` varchar(30) NOT NULL DEFAULT '',
  `Bread` varchar(15) NOT NULL DEFAULT '',
  `Filling` varchar(20) NOT NULL DEFAULT '',
  `Price` float(4,2) DEFAULT NULL,
  PRIMARY KEY (`Location`,`Bread`,`Filling`),
  CONSTRAINT `Sandwiches_ibfk_1` FOREIGN KEY (`Location`) REFERENCES `Locations` (`LName`)
) ENGINE=InnoDB DEFAULT CHARSET=latin1;
/*!40101 SET character_set_client = @saved_cs_client */;

--
-- Dumping data for table `Sandwiches`
--

LOCK TABLES `Sandwiches` WRITE;
/*!40000 ALTER TABLE `Sandwiches` DISABLE KEYS */;
INSERT INTO `Sandwiches` VALUES ('Buttery','White','Cheese',1.00),('Buttery','White','Ham',1.10),('Lincoln','Rye','Beef',1.35),('Lincoln','Rye','Ham',1.25),('Lincoln','White','Ham',1.30),('O\'Neill\'s','White','Cheese',1.20),('O\'Neill\'s','White','Turkey',1.35),('O\'Neill\'s','Whole','Ham',1.25),('Old Nag','Rye','Beef',1.35),('Old Nag','Rye','Ham',1.40);
/*!40000 ALTER TABLE `Sandwiches` ENABLE KEYS */;
UNLOCK TABLES;

--
-- Table structure for table `Tastes`
--

DROP TABLE IF EXISTS `Tastes`;
/*!40101 SET @saved_cs_client     = @@character_set_client */;
/*!40101 SET character_set_client = utf8 */;
CREATE TABLE `Tastes` (
  `Name` varchar(30) NOT NULL DEFAULT '',
  `Filling` varchar(20) NOT NULL DEFAULT '',
  PRIMARY KEY (`Name`,`Filling`)
) ENGINE=InnoDB DEFAULT CHARSET=latin1;
/*!40101 SET character_set_client = @saved_cs_client */;

--
-- Dumping data for table `Tastes`
--

LOCK TABLES `Tastes` WRITE;
/*!40000 ALTER TABLE `Tastes` DISABLE KEYS */;
INSERT INTO `Tastes` VALUES ('Brown','Beef'),('Brown','Ham'),('Brown','Turkey'),('Green','Beef'),('Green','Cheese'),('Green','Turkey'),('Jones','Cheese');
/*!40000 ALTER TABLE `Tastes` ENABLE KEYS */;
UNLOCK TABLES;
/*!40103 SET TIME_ZONE=@OLD_TIME_ZONE */;

/*!40101 SET SQL_MODE=@OLD_SQL_MODE */;
/*!40014 SET FOREIGN_KEY_CHECKS=@OLD_FOREIGN_KEY_CHECKS */;
/*!40014 SET UNIQUE_CHECKS=@OLD_UNIQUE_CHECKS */;
/*!40101 SET CHARACTER_SET_CLIENT=@OLD_CHARACTER_SET_CLIENT */;
/*!40101 SET CHARACTER_SET_RESULTS=@OLD_CHARACTER_SET_RESULTS */;
/*!40101 SET COLLATION_CONNECTION=@OLD_COLLATION_CONNECTION */;
/*!40111 SET SQL_NOTES=@OLD_SQL_NOTES */;

-- Dump completed on 2013-08-06 17:45:25
